id,title,description,link,section,type,url,alt_text,created_at,image_url
"1148699448726342958"," "," ","","","image","https://www.pinterest.com/pin/1148699448726342958/","","","https://i.pinimg.com/originals/7a/20/77/7a2077ce5bf5f58acee00e33bb8d9aed.jpg"
"1148699448726342953"," "," ","","","image","https://www.pinterest.com/pin/1148699448726342953/","","","https://i.pinimg.com/originals/7f/19/29/7f1929df057c099f5af0a4ce90df4157.jpg"
"1148699448726342944"," "," ","","","idea","https://www.pinterest.com/pin/1148699448726342944/","","","https://i.pinimg.com/originals/31/a0/e5/31a0e59f5ed302a1cd497d0ef43fb0f6.jpg"
"1148699448726342939","ciarapato","ciarapato","","","idea","https://www.pinterest.com/pin/1148699448726342939/","","","https://i.pinimg.com/originals/90/71/f6/9071f6e4716b77592250fccf84d21908.jpg"
"1148699448726342938","- Krystal Dianna","- Krystal Dianna","","","idea","https://www.pinterest.com/pin/1148699448726342938/","","","https://i.pinimg.com/originals/23/fb/cc/23fbccce400da009381220ec62fb2a67.jpg"
"1148699448726342935"," "," ","https://bio.site/Beautifulgirlsoftheworld","","idea","https://www.pinterest.com/pin/1148699448726342935/","","","https://i.pinimg.com/originals/9e/b8/d4/9eb8d40dc2672ebafe0736d89d67b703.jpg"
"1148699448726342909"," "," ","","","image","https://www.pinterest.com/pin/1148699448726342909/","","","https://i.pinimg.com/originals/55/1b/5d/551b5d9ab71b1c499a7c5ae208160ea6.jpg"
"1148699448726342903","ninagessler"," ","","","idea","https://www.pinterest.com/pin/1148699448726342903/","","","https://i.pinimg.com/originals/82/c0/30/82c0302a32efdf9b41afa9aeac0c2989.jpg"
"1148699448726342902"," "," ","","","image","https://www.pinterest.com/pin/1148699448726342902/","","","https://i.pinimg.com/originals/d6/b3/1d/d6b31dae015a88884ac190241515444e.jpg"
"1148699448726342901","sophia birlem"," ","","","idea","https://www.pinterest.com/pin/1148699448726342901/","","","https://i.pinimg.com/originals/07/f5/d1/07f5d168843343ed6a1d5f47d5f08712.jpg"
"1148699448726342897","Ari"," ","","","image","https://www.pinterest.com/pin/1148699448726342897/","","","https://i.pinimg.com/originals/2f/5f/cf/2f5fcf59ab7fd7475b802c25cef7528c.jpg"
"1148699448726342895"," "," ","","","image","https://www.pinterest.com/pin/1148699448726342895/","","","https://i.pinimg.com/originals/c1/27/8a/c1278aeb7a7c8eeb5f7449e86c804f52.jpg"
"1148699448726342884"," "," ","","","idea","https://www.pinterest.com/pin/1148699448726342884/","","","https://i.pinimg.com/originals/cf/43/ae/cf43ae9805162ad5eb2aa0e36076b997.jpg"
"1148699448726342867","sophia birlem"," ","","","idea","https://www.pinterest.com/pin/1148699448726342867/","","","https://i.pinimg.com/originals/72/32/e3/7232e343c97f9cdb77a1d56b4c997cce.jpg"
"1148699448726342864","Tommie"," ","","","image","https://www.pinterest.com/pin/1148699448726342864/","","","https://i.pinimg.com/originals/2d/ee/69/2dee69e4508038321a5a3f6c83b7a614.jpg"
"1148699448726342858"," "," ","","","idea","https://www.pinterest.com/pin/1148699448726342858/","","","https://i.pinimg.com/originals/8a/16/0c/8a160ccc1d63921f0eea8e145d906879.jpg"
"1148699448726342845"," "," ","","","image","https://www.pinterest.com/pin/1148699448726342845/","","","https://i.pinimg.com/originals/bb/61/35/bb61355d70427aadf00a20ad978b94dd.jpg"
"1148699448726342843"," "," ","","","idea","https://www.pinterest.com/pin/1148699448726342843/","","","https://i.pinimg.com/originals/2e/87/39/2e873933ae4fa57ffa092b68059ad648.jpg"
"1148699448726342839","user124567890130"," ","","","idea","https://www.pinterest.com/pin/1148699448726342839/","","","https://i.pinimg.com/originals/b1/6b/a0/b16ba0984dd0adfcb0a357a7405c8ded.jpg"
"1148699448726342832","sophia birlem ♡"," ","","","image","https://www.pinterest.com/pin/1148699448726342832/","","","https://i.pinimg.com/originals/f3/86/9b/f3869b38d53873223f46f9d950ebf11b.jpg"
"1148699448726342828","🐆"," ","","","idea","https://www.pinterest.com/pin/1148699448726342828/","","","https://i.pinimg.com/originals/8e/6c/76/8e6c76da689b0d6e7d453cd02248dfb6.jpg"
"1148699448726342807"," "," ","","","image","https://www.pinterest.com/pin/1148699448726342807/","","","https://i.pinimg.com/originals/e8/ed/96/e8ed9655e772dd13839e05a2166b5c26.jpg"
"1148699448726342801","aley"," ","","","idea","https://www.pinterest.com/pin/1148699448726342801/","","","https://i.pinimg.com/originals/38/de/a7/38dea71006a959b731aed4b36e860893.jpg"
"1148699448726342797","tღ"," ","","","image","https://www.pinterest.com/pin/1148699448726342797/","","","https://i.pinimg.com/originals/21/e3/f8/21e3f874067a5d9e3a51e6d7a8bf13c1.jpg"
"1148699448726342794"," "," ","","","image","https://www.pinterest.com/pin/1148699448726342794/","","","https://i.pinimg.com/originals/46/6c/c8/466cc8c73ebf4cfb128240082b044fbe.jpg"
"1148699448726342791"," "," ","","","image","https://www.pinterest.com/pin/1148699448726342791/","","","https://i.pinimg.com/originals/76/1c/01/761c01075dd076196e0e98fe993cefbf.jpg"
"1148699448726342787"," "," ","","","idea","https://www.pinterest.com/pin/1148699448726342787/","","","https://i.pinimg.com/originals/e0/b3/5e/e0b35eca42b6d93c8287db4d0435c549.jpg"
"1148699448726342785"," "," ","","","idea","https://www.pinterest.com/pin/1148699448726342785/","","","https://i.pinimg.com/originals/e2/c2/bd/e2c2bd8da4ee25ba9dba960d8f39e1f6.jpg"
"1148699448726342768","@//momolmao_ on tt","@//momolmao_ on tt","","","idea","https://www.pinterest.com/pin/1148699448726342768/","","","https://i.pinimg.com/originals/52/b8/e4/52b8e4cc4f89afbc23d910ab1d379332.jpg"
"1148699448726342764","Ava Alfaro"," ","","","idea","https://www.pinterest.com/pin/1148699448726342764/","","","https://i.pinimg.com/originals/99/c3/a2/99c3a2277d5758043108ffd041aa9908.jpg"
"1148699448726342762","jennyjelly"," ","","","idea","https://www.pinterest.com/pin/1148699448726342762/","","","https://i.pinimg.com/originals/17/fa/9e/17fa9e75bd6605dad39a15667dfa5e65.jpg"
"1148699448726342757"," "," ","","","idea","https://www.pinterest.com/pin/1148699448726342757/","","","https://i.pinimg.com/originals/03/8c/36/038c36651deb8209c8ed9680217de3b6.jpg"
"1148699448726342754","Tap to shop now 💗 Limited price — don’t miss it.🪽","Tap to shop now 💗 Limited price — don’t miss it.🪽","https://onelink.shein.com/33/5k39txfyq9ew","","idea","https://www.pinterest.com/pin/1148699448726342754/","","","https://i.pinimg.com/originals/36/24/c3/3624c342ca9748f9c13b6c70db0641ff.jpg"
"1148699448726342752","outfit inspo"," ","","","idea","https://www.pinterest.com/pin/1148699448726342752/","","","https://i.pinimg.com/originals/36/81/73/368173d5f13307843f77130baf452015.jpg"
"1148699448726342749"," "," ","","","idea","https://www.pinterest.com/pin/1148699448726342749/","","","https://i.pinimg.com/originals/d9/57/ea/d957ea6bfbd8f00221da5f49defa8b9e.jpg"
"AX0ln8p30TKJTmyI5KzYw-HpCop8imhJrNyGl7LP_gllE00qsIDQ6U7UUHsY55X1u0obdgr-avdkqG7YxU4pwfg","Summer Black Lace Splicing Suspenders + Bell Bottoms Women's Slim Two Pieces Set Island Vacation Outfits","Summer Black Lace Splicing Suspenders + Bell Bottoms Women's Slim Two Pieces Set Island Vacation Outfits Grey Casual   Fabric   High Stretch Spring/Summer Women Clothing, size features are:Bust: ,Length: ,Sleeve Length:","https://go.skimresources.com/?id=291659X1778746&url=https://us.shein.com/ark/default%3Fscene%3D1%26test%3D5051%26ad_type%3DDPA%26goods_id%3D66783316%26pf%3DPINTEREST%26url_from%3DPINADSDPA%26ismg%3D97d7adadebd55c670dbddf1d10aebbb581315fca1643390eb281d7e4333e3877_01_1776783517%26cid%3D626755650971%26setid%3D2680086264887%26pp%3D1&xcust=scale","","image","https://www.pinterest.com/pin/AX0ln8p30TKJTmyI5KzYw-HpCop8imhJrNyGl7LP_gllE00qsIDQ6U7UUHsY55X1u0obdgr-avdkqG7YxU4pwfg/","","","https://i.pinimg.com/originals/fe/78/a9/fe78a91628c919c91fdcb7a893ebc231.jpg"
"1148699448726342741"," "," ","","","image","https://www.pinterest.com/pin/1148699448726342741/","","","https://i.pinimg.com/originals/27/b4/6d/27b46d654a17d9b2302c8b4bde3d38bf.jpg"
"1148699448726342731"," "," ","","","image","https://www.pinterest.com/pin/1148699448726342731/","","","https://i.pinimg.com/originals/8d/82/1a/8d821a578cd1acff4c6e370924fb72b5.jpg"
"1148699448726342723"," "," ","","","image","https://www.pinterest.com/pin/1148699448726342723/","","","https://i.pinimg.com/originals/db/b0/ce/dbb0ce0a338ea18b3978de8996016a0a.jpg"
"1148699448726342722"," "," ","","","image","https://www.pinterest.com/pin/1148699448726342722/","","","https://i.pinimg.com/originals/c9/de/c9/c9dec9ee4de090640a186a5f60178cb5.jpg"
"1148699448726342715"," "," ","","","idea","https://www.pinterest.com/pin/1148699448726342715/","","","https://i.pinimg.com/originals/64/0d/77/640d77603c3379e14fafe0f0832e72a4.jpg"
"1148699448726342712","arelia"," ","","","idea","https://www.pinterest.com/pin/1148699448726342712/","","","https://i.pinimg.com/originals/c7/e7/4e/c7e74e1ace304504f706a0a83b53a206.jpg"
"1148699448726342707","Ig : zzaiine","Ig : zzaiine","","","idea","https://www.pinterest.com/pin/1148699448726342707/","","","https://i.pinimg.com/originals/06/96/ea/0696eac4ba048251333de4f1f12f744e.jpg"
"1148699448726342702"," "," ","","","image","https://www.pinterest.com/pin/1148699448726342702/","","","https://i.pinimg.com/originals/cd/12/0b/cd120b89e714eaf2b09a3497661690aa.jpg"
"1148699448726342699"," "," ","","","idea","https://www.pinterest.com/pin/1148699448726342699/","","","https://i.pinimg.com/originals/64/5f/69/645f690243102efa62833639a429b6c9.jpg"
"1148699448726342698"," "," ","","","idea","https://www.pinterest.com/pin/1148699448726342698/","","","https://i.pinimg.com/originals/07/8e/62/078e62e9c9bb4b0a4fac89e4728442c5.jpg"
"1148699448726342695"," "," ","","","image","https://www.pinterest.com/pin/1148699448726342695/","","","https://i.pinimg.com/originals/eb/63/b6/eb63b6e476ddd4bf125501759f9e75e1.jpg"
"1148699448726342693"," "," ","","","idea","https://www.pinterest.com/pin/1148699448726342693/","","","https://i.pinimg.com/originals/c0/b3/36/c0b336e1e61732e307855435867a59f4.jpg"
"1148699448726342692"," "," ","","","idea","https://www.pinterest.com/pin/1148699448726342692/","","","https://i.pinimg.com/originals/d2/b3/c7/d2b3c7c581de29095fd130b03eb4d9b2.jpg"
"1148699448726342690"," "," ","","","image","https://www.pinterest.com/pin/1148699448726342690/","","","https://i.pinimg.com/originals/a7/04/37/a70437ad1c98e88aab1aa834422a5b81.jpg"
"1148699448726342687"," "," ","","","idea","https://www.pinterest.com/pin/1148699448726342687/","","","https://i.pinimg.com/originals/0a/5f/89/0a5f896ce9ffe6bdc1ea8f00104e6139.png"
"1148699448726342683"," "," ","","","image","https://www.pinterest.com/pin/1148699448726342683/","","","https://i.pinimg.com/originals/48/7e/74/487e74ac48e117dc2d4063bcf40f2288.jpg"
"1148699448726342679"," "," ","","","image","https://www.pinterest.com/pin/1148699448726342679/","","","https://i.pinimg.com/originals/0c/67/43/0c6743a56d11db1cac9b9784cc82918f.jpg"
"1148699448726342678"," "," ","","","idea","https://www.pinterest.com/pin/1148699448726342678/","","","https://i.pinimg.com/originals/c2/f9/69/c2f9694cfb61acf2874cb4340805c8f4.jpg"
"1148699448726342675"," "," ","","","idea","https://www.pinterest.com/pin/1148699448726342675/","","","https://i.pinimg.com/originals/6f/ec/7a/6fec7ae812fb3ec14c2f373550880bb5.jpg"
"1148699448715513071"," "," ","","","idea","https://www.pinterest.com/pin/1148699448715513071/","","","https://i.pinimg.com/originals/f6/60/79/f660794f8afc937d12dab678f6605ef8.jpg"
"1148699448722615235","Ami charlize"," ","","","idea","https://www.pinterest.com/pin/1148699448722615235/","","","https://i.pinimg.com/originals/92/c8/00/92c800ef10c327e4d38797be6481ecd6.jpg"
"1148699448725582583"," "," ","","","idea","https://www.pinterest.com/pin/1148699448725582583/","","","https://i.pinimg.com/originals/c0/ef/9c/c0ef9c6595f16be60a1b2a746796a5cf.jpg"
"1148699448725680817"," "," ","","","image","https://www.pinterest.com/pin/1148699448725680817/","","","https://i.pinimg.com/originals/33/74/7a/33747a0909b5470abc40439594558203.jpg"
"1148699448723876843"," "," ","","","image","https://www.pinterest.com/pin/1148699448723876843/","","","https://i.pinimg.com/originals/3f/4c/05/3f4c054c45d9086f710c7f0f55d19f5a.jpg"
"1148699448715383863"," "," ","","","image","https://www.pinterest.com/pin/1148699448715383863/","","","https://i.pinimg.com/originals/c3/c0/8b/c3c08bebfe949f014f7f6a9869506a91.jpg"
"1148699448715424039","Latina #fit","#latina#fit","","","idea","https://www.pinterest.com/pin/1148699448715424039/","","","https://i.pinimg.com/originals/35/41/6e/35416e7fcbe2c1ef13c21ec117ff934f.jpg"
"1148699448715353731"," "," ","","","idea","https://www.pinterest.com/pin/1148699448715353731/","","","https://i.pinimg.com/originals/10/b0/aa/10b0aa0088e085e9091fc0b940f8d055.jpg"
"1148699448722615231"," "," ","","","idea","https://www.pinterest.com/pin/1148699448722615231/","","","https://i.pinimg.com/originals/63/3a/91/633a915b7897eacf6c23487b7f7101af.jpg"
"1148699448716325290"," "," ","","","idea","https://www.pinterest.com/pin/1148699448716325290/","","","https://i.pinimg.com/originals/fe/19/35/fe1935e929fda2bdefd516d642367e35.png"
"1148699448724367645"," "," ","","","idea","https://www.pinterest.com/pin/1148699448724367645/","","","https://i.pinimg.com/originals/c5/43/ee/c543ee40967d53584b6acb8dedc1f68a.jpg"
"1148699448722404847"," "," ","","","idea","https://www.pinterest.com/pin/1148699448722404847/","","","https://i.pinimg.com/originals/fe/4c/e4/fe4ce4f82886054e3579dffd684806c5.jpg"
"1148699448718376353"," "," ","","","image","https://www.pinterest.com/pin/1148699448718376353/","","","https://i.pinimg.com/originals/95/30/3d/95303d9b555eae09304a7f0d917501e1.jpg"
"1148699448717187334"," "," ","","","image","https://www.pinterest.com/pin/1148699448717187334/","","","https://i.pinimg.com/originals/d3/f2/3d/d3f23d45828e1e7b25d5e40164b8dd40.jpg"
"1148699448722404829"," "," ","","","idea","https://www.pinterest.com/pin/1148699448722404829/","","","https://i.pinimg.com/originals/7f/77/6c/7f776cc14eaded88ce996d19042d8729.jpg"
"1148699448717186022"," "," ","","","image","https://www.pinterest.com/pin/1148699448717186022/","","","https://i.pinimg.com/originals/21/42/52/2142529de4bccece4a4f8081a36247d7.jpg"
"1148699448717186024"," "," ","","","image","https://www.pinterest.com/pin/1148699448717186024/","","","https://i.pinimg.com/originals/20/33/a9/2033a920f7a1b4194f0205b53c732a65.jpg"
"1148699448722404819"," "," ","","","image","https://www.pinterest.com/pin/1148699448722404819/","","","https://i.pinimg.com/originals/be/2e/41/be2e419447bcc7b70762ff41735e8c5c.jpg"
"1148699448715515134"," "," ","","","image","https://www.pinterest.com/pin/1148699448715515134/","","","https://i.pinimg.com/originals/b8/3a/86/b83a864c57ec4b5f6d6175d0889220a7.jpg"
"1148699448715513114","She looks single & ready… are you?"," ","https://sites.google.com/view/my-private-site-site/home?authuser=0","","idea","https://www.pinterest.com/pin/1148699448715513114/","","","https://i.pinimg.com/originals/1e/b5/9e/1eb59e8d4685e0b65fd56a657d5189d9.jpg"
"1148699448715395626"," "," ","","","idea","https://www.pinterest.com/pin/1148699448715395626/","","","https://i.pinimg.com/originals/b7/7c/22/b77c22e5cc66316d5cd274065bbd5b38.jpg"
"1148699448718493218"," "," ","","","idea","https://www.pinterest.com/pin/1148699448718493218/","","","https://i.pinimg.com/originals/c1/aa/64/c1aa64309a773df5fba85befe46905a6.jpg"
"1148699448717104512"," "," ","","","image","https://www.pinterest.com/pin/1148699448717104512/","","","https://i.pinimg.com/originals/3f/fb/90/3ffb907c9ab545e7c26eb501957f123c.jpg"
"1148699448716325340"," "," ","","","idea","https://www.pinterest.com/pin/1148699448716325340/","","","https://i.pinimg.com/originals/e9/23/12/e9231267284d3dbbc50fee8b86b5f530.jpg"
"1148699448722554905","Bellajacobx on ig ✨"," ","","","idea","https://www.pinterest.com/pin/1148699448722554905/","","","https://i.pinimg.com/originals/01/15/81/011581529f66a99a965e57c0f8295732.heic"
"1148699448725681470"," "," ","","","image","https://www.pinterest.com/pin/1148699448725681470/","","","https://i.pinimg.com/originals/16/9e/16/169e16dba099d393c13387d8ed37ed79.jpg"
"1148699448715383881","Women's Plain Jane Mini Shorts in White Size 2X","Available In Black, Charcoal, Chocolate, Taupe And White. StretchyLow RiseBasic95% Cotton 5% SpandexImported | Plain Jane Mini Shorts in White size 2X by Fashion Nova","https://www.fashionnova.com/products/plain-jane-mini-shorts-white?variant=12203318280316","","image","https://www.pinterest.com/pin/1148699448715383881/","","","https://i.pinimg.com/originals/54/6f/9f/546f9f4a53c77edb822b4703d78af0f0.jpg"
"1148699448718217609","Kahba"," ","","","idea","https://www.pinterest.com/pin/1148699448718217609/","","","https://i.pinimg.com/originals/bf/35/36/bf3536fa16aabcdf3e23d58fd9094366.jpg"
"1148699448725897826"," "," ","","","image","https://www.pinterest.com/pin/1148699448725897826/","","","https://i.pinimg.com/originals/35/85/25/35852598f6aec095b124b47e19251d6a.jpg"
"1148699448725690046","│@nady"," ","","","image","https://www.pinterest.com/pin/1148699448725690046/","","","https://i.pinimg.com/originals/59/23/81/5923813446c6727a453267b79ee9a39c.jpg"
"1148699448725118902"," "," ","","","image","https://www.pinterest.com/pin/1148699448725118902/","","","https://i.pinimg.com/originals/65/63/0b/65630b984fcc0656eaa71510435e6189.jpg"
"1148699448724683422","“Garment of Praise” hoodie dropping BLACK FRIDAY I Up to 40% off site Nov 21st 12PM EST | *Limited q","“Garment of Praise” hoodie dropping BLACK FRIDAY I Up to 40% off site Nov 21st 12PM EST | *Limited quantities available  Join sms for early access Prayersavenu.ca","https://www.instagram.com/p/DRC2TagEa_3/?img_index=6","","image","https://www.pinterest.com/pin/1148699448724683422/","","","https://i.pinimg.com/originals/6d/07/8e/6d078e347edf98912d506894ce3b5aa0.jpg"
"1148699448726290047"," "," ","","","image","https://www.pinterest.com/pin/1148699448726290047/","","","https://i.pinimg.com/originals/0d/1b/8a/0d1b8abab5a2297261c0768930b55cf4.jpg"
"1148699448725680844"," "," ","","","image","https://www.pinterest.com/pin/1148699448725680844/","","","https://i.pinimg.com/originals/29/f2/e6/29f2e6565bffd4cd47263d76d2effc62.jpg"
"1148699448725582540"," "," ","","","image","https://www.pinterest.com/pin/1148699448725582540/","","","https://i.pinimg.com/originals/48/7b/59/487b595a9557aaf7974c74e585b7a91d.jpg"
"1148699448723549172"," "," ","","","image","https://www.pinterest.com/pin/1148699448723549172/","","","https://i.pinimg.com/originals/98/df/e8/98dfe8eb11538ed4f678cd43f452052c.png"
"1148699448723682105"," "," ","","","image","https://www.pinterest.com/pin/1148699448723682105/","","","https://i.pinimg.com/originals/c9/f4/bf/c9f4bfb632864bba5a92a255fa22d295.jpg"